{
    "name":"LocoNet2",
    "description":"This library allows you to interface to a LocoNet network and send/receive LocoNet commands.",
    "keywords":"loconet",
    "authors": [
        {
            "name":"Alex Shepherd"
        },
        {
            "name":"John Plocher"
        },
        {
            "name":"Damian Philipp"
        },
        {
            "name":"Tom Knox"
        },
        {
            "name":"Jeffrey Marten Gillmor"
        }
    ],
    "repository": {
      "type": "git",
      "url": "https://github.com/mrrwa/LocoNet2"
    },
    "version": "2.0.1",
    "license": "GPL-2.0-or-later",
    "frameworks": "arduino",
    "platforms": "espressif32",
    "build": {
        "srcFilter" : [
            "-<.git/>",
            "-<examples/>",
            "+<*>"
        ],
        "libArchive" : true,
        "libLDFMode" : "chain+"
    }
  }
  
